dataset,depth,addPathtoTree(ms),Tree_size(original),Tree_size(new),remove time(ms),addIDtoTree(ms),Build_tree(ms)
AIDS,5,2627.739128,5336,2496,2777.985563,28572.38801,31352.99197
pdbs,16,100.536917,3509,2470,163.025791,392705.4349,392868.6264
pcms,6,4.074547,907,903,5.828009,2041.340546,2047.295022
ppigo,7,2.571151,159,153,3.336493,240388.1378,240391.6156
IMDB-MULTI,3,10.375646,995,436,16.382126,116.683972,133.294185
REDDIT-MULTI-5K,3,112.063939,1674,686,119.965245,59684.1375,59804.25939
COLLAB,5,533.627629,11674,9783,791.287373,174661.1178,175452.6889
