dataset,query_set,FP_ratio,(G-C)/(G-A),SP,filtering_time(ms),verification_time(ms),query_time(ms),codetree_filtime/fil_num,codetree_fil_num,allfil_num/allfil_time,allfil_num,nonfail
REDDIT-MULTI-5K,Q4R,0.44178,0.77727,0.00000,0.028180,19.229703,19.257883,0.000009,298527,224.041664,387830.0,100
REDDIT-MULTI-5K,Q8R,0.81243,0.79307,0.00000,0.046079,12.427796,12.473875,0.000012,376647,443.710956,475598.0,100
REDDIT-MULTI-5K,Q16R,0.93052,0.85367,0.00000,0.076436,8.815932,8.892369,0.000018,421147,693.340286,493217.0,100
REDDIT-MULTI-5K,Q32R,0.97214,0.90609,0.00000,0.144506,6.888565,7.033071,0.000032,451441,1019.350126,498151.0,100
REDDIT-MULTI-5K,Q64R,0.99361,0.94217,0.00000,0.318802,6.836735,7.155538,0.000068,470811,1304.345653,499690.0,100
REDDIT-MULTI-5K,Q4B,0.34726,0.81367,0.00000,0.027568,19.774406,19.801974,0.000009,297557,209.902429,368266.0,100
REDDIT-MULTI-5K,Q8B,0.59881,0.82605,0.00000,0.045169,16.792557,16.837726,0.000012,366345,323.891861,444691.0,100
REDDIT-MULTI-5K,Q16B,0.79492,0.86089,0.00000,0.078114,12.991602,13.069715,0.000019,411824,476.900769,478417.0,100
REDDIT-MULTI-5K,Q32B,0.84384,0.90142,0.00000,0.161628,12.615705,12.777333,0.000037,437965,536.722674,485474.0,100
REDDIT-MULTI-5K,Q64B,0.86588,0.90787,0.00000,0.475076,15.834003,16.309080,0.000107,443746,455.400845,488261.0,100
