querySet,FP,FP2,filtime,vertime,total
4R,0.000963,0.999898,21.825937,2.006043,23.831976
8R,0.012291,0.999761,18.474932,1.693285,20.168224
16R,0.069200,0.999744,18.851195,1.707101,20.558295
32R,0.058715,0.999907,23.744212,2.103397,25.847611
64R,0.040132,0.999966,34.716425,3.632784,38.349210
4B,0.000059,0.999993,21.849436,2.342313,24.191751
8B,0.003340,0.999961,20.554909,3.021729,23.576635
16B,0.021265,0.999944,20.729346,2.990550,23.719895
32B,0.030387,0.999984,26.935543,3.823601,30.759147
64B,0.019056,0.999958,38.484580,5.890290,44.374871
